pair_id,men_scrape_id,women_scrape_id,brand,category,subcategory,size,size_unit,men_price,women_price,price_diff,price_diff_pct
PAIR00001,S00135,S00136,Gillette,Shaving,Razor,5.0,count,298.58,297.42,-1.1599999999999682,-0.38850559314085614
PAIR00002,S01695,S01578,L'Oréal,Personal Care,Moisturizer,150.0,count,292.12,847.4,555.28,190.08626591811583
PAIR00003,S00479,S00858,Neutrogena,Personal Care,Moisturizer,150.0,count,1882.5,925.48,-957.02,-50.83771580345285
PAIR00004,S01011,S01012,Ponds,Personal Care,Moisturizer,100.0,count,426.72,445.71,18.989999999999952,4.450224971878504
PAIR00005,S01379,S01380,Uniqlo,Clothing,T-Shirt,1.0,size_s,2385.96,2465.87,79.90999999999985,3.3491760130094326
PAIR00006,S01611,S01804,Gillette,Shaving,Shaving Foam,50.0,count,586.2,587.85,1.6499999999999773,0.2814738996929337
PAIR00007,S00679,S01738,Sensodyne,Hygiene,Toothpaste,50.0,count,137.15,340.98,203.83,148.61830113014946
PAIR00008,S00765,S00766,L'Oréal,Personal Care,Conditioner,200.0,count,841.28,983.47,142.19000000000005,16.901626093571707
PAIR00009,S00031,S00032,Healthkart,Personal Care,Supplements,100.0,count,1988.99,2229.21,240.22000000000003,12.077486563532245
PAIR00010,S01533,S01602,Dettol,Hygiene,Handwash,200.0,count,84.36,171.42,87.05999999999999,103.20056899004267
PAIR00011,S00241,S00180,Colgate,Hygiene,Toothpaste,200.0,count,103.59,289.54,185.95000000000002,179.50574379766388
PAIR00012,S00257,S00258,Forest Essentials,Personal Care,Body Oil,650.0,count,649.51,817.75,168.24,25.902603501100828
PAIR00013,S01443,S00486,Nike,Clothing,T-Shirt,1.0,size_s,1765.84,1347.37,-418.47,-23.698070040320758
PAIR00014,S01861,S00230,Gillette,Shaving,Shaving Foam,250.0,count,502.96,618.73,115.77000000000004,23.017735008748218
PAIR00015,S00415,S01076,Garnier,Personal Care,Moisturizer,50.0,count,208.08,1952.24,1744.16,838.2160707420222
PAIR00016,S01761,S01382,L'Oréal,Personal Care,Conditioner,400.0,count,276.79,1063.08,786.29,284.0745691679612
PAIR00017,S01079,S01992,Colgate,Hygiene,Toothpaste,50.0,count,300.01,240.75,-59.25999999999999,-19.752674910836305
PAIR00018,S00071,S01150,Ponds,Personal Care,Moisturizer,50.0,count,458.27,2902.79,2444.52,533.423527614725
PAIR00019,S00737,S01518,Olay,Personal Care,Conditioner,100.0,count,689.37,837.71,148.34000000000003,21.518197774779875
PAIR00020,S01081,S01160,Nivea,Personal Care,Moisturizer,150.0,count,167.03,421.89,254.85999999999999,152.58336825719928
PAIR00021,S01103,S01104,Uniqlo,Clothing,Hoodie,1.0,size_s,3323.03,3504.69,181.65999999999985,5.466697562164646
PAIR00022,S01629,S01912,Dove,Personal Care,Face Wash,100.0,count,276.43,718.86,442.43,160.0513692435698
PAIR00023,S00103,S01958,Himalaya,Personal Care,Face Wash,100.0,count,374.83,401.67,26.840000000000032,7.160579462689761
PAIR00024,S00033,S00034,Garnier,Personal Care,Moisturizer,100.0,count,2282.37,2531.75,249.3800000000001,10.92636163286409
PAIR00025,S01939,S00102,Puma,Clothing,Socks,1.0,count,359.24,302.5,-56.74000000000001,-15.794454960472109
PAIR00026,S00963,S00964,Dove,Personal Care,Soap,150.0,count,164.38,201.17,36.78999999999999,22.381068256478887
PAIR00027,S00193,S00248,Olay,Personal Care,Conditioner,400.0,count,682.09,496.99,-185.10000000000002,-27.13718131038426
PAIR00028,S01033,S01452,Dettol,Hygiene,Handwash,500.0,count,502.25,462.36,-39.889999999999986,-7.942259830761571
PAIR00029,S00533,S00534,Reebok,Clothing,T-Shirt,1.0,size_s,1304.56,1487.09,182.52999999999997,13.991690684981908
PAIR00030,S00773,S01784,Neutrogena,Personal Care,Face Wash,50.0,count,505.53,783.39,277.86,54.96409708622634
PAIR00031,S00239,S00240,Garnier,Personal Care,Conditioner,200.0,count,551.76,704.12,152.36,27.613455125416852
PAIR00032,S00185,S00186,Himalaya,Personal Care,Soap,75.0,count,44.22,47.4,3.1799999999999997,7.191316146540026
PAIR00033,S00347,S00694,Gillette,Shaving,Razor,3.0,count,1150.56,208.46,-942.0999999999999,-81.88186622166597
PAIR00034,S01905,S00314,Gillette,Shaving,Shaving Foam,150.0,count,540.18,135.7,-404.47999999999996,-74.87874412232959
PAIR00035,S01573,S01892,Garnier,Personal Care,Moisturizer,150.0,count,2022.18,1229.03,-793.1500000000001,-39.22252222848609
PAIR00036,S01175,S01296,Himalaya,Health,Pain Relief,10.0,count,471.47,261.16,-210.31,-44.60729208645301
PAIR00037,S00255,S00692,Sensodyne,Hygiene,Toothpaste,200.0,count,406.73,234.07,-172.66000000000003,-42.45076586433261
PAIR00038,S01661,S00592,Nivea,Personal Care,Moisturizer,50.0,count,1512.51,2009.12,496.6099999999999,32.83350192725998
PAIR00039,S00027,S01834,Levi'S,Clothing,T-Shirt,1.0,size_l,2369.82,1969.27,-400.5500000000002,-16.902127587749288
PAIR00040,S00145,S00938,L'Oréal,Personal Care,Shampoo,650.0,count,204.98,853.73,648.75,316.49429212606105
PAIR00041,S00643,S00760,Nivea,Personal Care,Soap,150.0,count,141.52,257.84,116.31999999999996,82.1933295647258
PAIR00042,S01413,S00808,Gillette,Shaving,Razor,1.0,count,785.25,928.47,143.22000000000003,18.238777459407835
PAIR00043,S01591,S01592,Mamaearth,Personal Care,Moisturizer,100.0,count,1254.33,1383.5,129.17000000000007,10.297927977485994
PAIR00044,S00333,S00436,Adidas,Clothing,T-Shirt,1.0,size_l,2155.38,1510.68,-644.7,-29.91119895331682
PAIR00045,S00677,S01676,Neutrogena,Personal Care,Sunscreen,200.0,count,309.91,671.85,361.94,116.78874511955082
PAIR00046,S00791,S00508,Olay,Personal Care,Face Wash,150.0,count,310.08,122.01,-188.07,-60.65208978328174
PAIR00047,S00015,S00762,Olay,Personal Care,Face Wash,50.0,count,366.16,826.9,460.73999999999995,125.830238147258
PAIR00048,S00701,S00152,Levi'S,Clothing,T-Shirt,1.0,size_xl,2110.46,2054.66,-55.80000000000018,-2.643973351781137
PAIR00049,S01045,S00174,Forest Essentials,Personal Care,Face Wash,150.0,count,479.1,839.08,359.98,75.13671467334586
PAIR00050,S00045,S00394,Forest Essentials,Personal Care,Face Wash,100.0,count,295.69,423.76,128.07,43.3122526970814
PAIR00051,S00933,S00010,Nike,Clothing,Hoodie,1.0,size_l,2254.38,1565.54,-688.8400000000001,-30.55562948571226
PAIR00052,S00195,S01914,Nivea,Personal Care,Lotion,100.0,count,566.99,391.57,-175.42000000000002,-30.93881726309106
PAIR00053,S00839,S01284,Forest Essentials,Personal Care,Moisturizer,150.0,count,2069.35,187.12,-1882.23,-90.95754705583879
PAIR00054,S00747,S01356,Nivea,Personal Care,Face Wash,50.0,count,766.4,103.17,-663.23,-86.5383611691023
PAIR00055,S01787,S00204,Puma,Clothing,T-Shirt,1.0,size_xl,1110.17,676.2,-433.97,-39.09040957691165
PAIR00056,S00965,S01042,Uniqlo,Clothing,Socks,3.0,count,469.03,494.39,25.360000000000014,5.406903609577215
PAIR00057,S00417,S00818,Dettol,Personal Care,Soap,100.0,count,220.17,201.32,-18.849999999999994,-8.561566062587998
PAIR00058,S01111,S00756,Adidas,Clothing,Socks,3.0,count,248.52,112.53,-135.99,-54.71994205697731
PAIR00059,S00579,S01462,Colgate,Hygiene,Toothpaste,100.0,count,386.0,490.29,104.29000000000002,27.01813471502591
PAIR00060,S00487,S01236,Forest Essentials,Personal Care,Body Oil,100.0,count,1595.59,736.71,-858.8799999999999,-53.82836442945869
PAIR00061,S01809,S01810,Healthkart,Personal Care,Supplements,75.0,count,254.69,304.97,50.28000000000003,19.74164670776239
PAIR00062,S00175,S00176,Nivea,Personal Care,Soap,100.0,count,212.11,248.33,36.22,17.076045448116542
PAIR00063,S01753,S01200,Himalaya,Personal Care,Soap,150.0,count,211.43,186.2,-25.230000000000018,-11.933027479544066
PAIR00064,S00299,S00300,Sensodyne,Hygiene,Toothpaste,100.0,count,505.45,560.07,54.62000000000006,10.806212286081722
PAIR00065,S00315,S00292,Himalaya,Health,Pain Relief,30.0,count,183.95,530.88,346.93,188.6001630877956
PAIR00066,S00215,S00632,Garnier,Personal Care,Shampoo,200.0,count,219.48,683.29,463.80999999999995,211.32221614725714
PAIR00067,S01585,S01718,Dove,Personal Care,Soap,100.0,count,287.35,168.11,-119.24000000000001,-41.496432921524274
PAIR00068,S00323,S00324,Olay,Personal Care,Face Wash,100.0,count,172.59,208.98,36.389999999999986,21.084651486181112
PAIR00069,S00941,S01128,Olay,Personal Care,Moisturizer,50.0,count,2047.19,1768.26,-278.93000000000006,-13.62501770719865
PAIR00070,S00613,S00614,Garnier,Personal Care,Shampoo,100.0,count,743.65,810.74,67.09000000000003,9.021717205674717
PAIR00071,S00219,S00566,Ponds,Personal Care,Soap,100.0,count,204.09,299.77,95.67999999999998,46.881277867607416
PAIR00072,S01729,S00280,Puma,Clothing,T-Shirt,1.0,size_s,855.54,1804.2,948.6600000000001,110.88435374149661
PAIR00073,S00555,S00556,Reebok,Footwear,Sneakers,9.0,count,2397.04,2627.89,230.8499999999999,9.63062777425491
PAIR00074,S01371,S00860,Olay,Personal Care,Moisturizer,150.0,count,1060.32,1036.72,-23.59999999999991,-2.2257431718726335
PAIR00075,S00443,S00444,Garnier,Personal Care,Shampoo,650.0,count,329.1,360.07,30.96999999999997,9.410513521725909
PAIR00076,S00913,S01714,Forest Essentials,Personal Care,Body Oil,200.0,count,563.3,831.69,268.3900000000001,47.64601455707441
PAIR00077,S00683,S01870,Healthkart,Health,Vitamins,100.0,count,1284.45,1615.5,331.04999999999995,25.773677449491995
PAIR00078,S00843,S00536,Levi'S,Clothing,Jeans,30.0,count,1661.68,1153.23,-508.45000000000005,-30.598550864185647
PAIR00079,S01115,S01966,Uniqlo,Clothing,Socks,1.0,count,378.51,481.77,103.25999999999999,27.2806530871047
PAIR00080,S01613,S00832,Dove,Personal Care,Deodorant,150.0,count,528.95,654.67,125.71999999999991,23.767841951035052
PAIR00081,S00431,S00432,Adidas,Footwear,Sneakers,7.0,count,1592.58,1637.51,44.930000000000064,2.8212083537404755
PAIR00082,S01727,S01728,Adidas,Footwear,Sneakers,9.0,count,6719.97,7096.76,376.78999999999996,5.607019078954221
PAIR00083,S01085,S00262,Levi'S,Clothing,Jeans,36.0,count,3722.65,4831.07,1108.4199999999996,29.77502585523752
PAIR00084,S00189,S00190,Nike,Footwear,Sneakers,10.0,count,2893.97,3183.77,289.8000000000002,10.013925507175271
PAIR00085,S01457,S01458,Himalaya,Personal Care,Face Wash,50.0,count,362.8,418.96,56.15999999999997,15.47960308710032
PAIR00086,S01741,S00512,Nivea,Personal Care,Face Wash,150.0,count,569.7,331.02,-238.68000000000006,-41.895734597156405
PAIR00087,S01223,S01426,Dove,Personal Care,Moisturizer,150.0,count,177.63,1364.3,1186.67,668.0571975454598
PAIR00088,S00325,S00326,Uniqlo,Clothing,T-Shirt,1.0,size_l,604.7,679.06,74.3599999999999,12.29700678022158
PAIR00089,S00451,S00464,Nivea,Personal Care,Face Wash,100.0,count,586.43,514.95,-71.4799999999999,-12.189008065753782
PAIR00090,S01019,S01448,L'Oréal,Personal Care,Shampoo,100.0,count,778.86,509.73,-269.13,-34.55434866343117
PAIR00091,S00875,S00888,Ponds,Personal Care,Soap,75.0,count,266.68,250.45,-16.230000000000018,-6.085945702714871
PAIR00092,S00845,S00252,Himalaya,Hygiene,Toothpaste,50.0,count,179.2,460.98,281.78000000000003,157.24330357142858
PAIR00093,S00819,S01638,Nike,Footwear,Sneakers,11.0,count,3248.6,2472.88,-775.7199999999998,-23.878593855814806
PAIR00094,S00569,S00570,Dove,Personal Care,Lotion,100.0,count,642.34,712.44,70.10000000000002,10.913223526481305
PAIR00095,S00297,S01162,Healthkart,Personal Care,Supplements,500.0,count,701.51,747.32,45.81000000000006,6.530199141851158
PAIR00096,S01559,S00140,Dove,Personal Care,Face Wash,150.0,count,744.62,309.12,-435.5,-58.48620773011738
PAIR00097,S01671,S01672,Himalaya,Personal Care,Shampoo,200.0,count,343.38,373.72,30.340000000000032,8.835692236006766
PAIR00098,S00369,S00492,Garnier,Personal Care,Face Wash,150.0,count,665.98,274.37,-391.61,-58.80206612811195
PAIR00099,S00411,S00412,Dove,Personal Care,Lotion,400.0,count,848.11,1041.83,193.7199999999999,22.84137670821001
PAIR00100,S01207,S01778,Mamaearth,Personal Care,Shampoo,100.0,count,694.47,318.44,-376.03000000000003,-54.14632741515113
PAIR00101,S00059,S00810,Nivea,Personal Care,Deodorant,50.0,count,441.43,297.49,-143.94,-32.607661463878756
PAIR00102,S00167,S01398,Himalaya,Health,Pain Relief,20.0,count,176.96,448.93,271.97,153.69009945750454
PAIR00103,S00125,S01026,Olay,Personal Care,Conditioner,200.0,count,176.93,432.9,255.96999999999997,144.6730345334313
PAIR00104,S01037,S01038,Adidas,Clothing,T-Shirt,1.0,size_s,1100.94,1212.62,111.67999999999984,10.144058713463025
PAIR00105,S01367,S01764,Nike,Clothing,T-Shirt,1.0,size_m,1165.35,646.52,-518.8299999999999,-44.5213884240786
PAIR00106,S00081,S00082,Forest Essentials,Personal Care,Face Wash,50.0,count,240.93,266.41,25.480000000000018,10.57568588386669
PAIR00107,S01279,S00038,Puma,Clothing,Socks,3.0,count,409.84,503.94,94.10000000000002,22.960179582276016
PAIR00108,S01765,S00786,Neutrogena,Personal Care,Moisturizer,50.0,count,1609.76,2066.07,456.3100000000002,28.346461584335565
PAIR00109,S00529,S00530,Himalaya,Personal Care,Shampoo,650.0,count,391.76,435.97,44.210000000000036,11.284970390034726
PAIR00110,S01663,S00842,Nike,Clothing,Hoodie,1.0,size_m,1859.63,3472.67,1613.04,86.73983534358985
PAIR00111,S01289,S01290,Adidas,Clothing,Hoodie,1.0,size_xl,1281.54,1384.04,102.5,7.998189678043604
PAIR00112,S01023,S01004,Levi'S,Clothing,T-Shirt,1.0,size_s,2091.13,2352.52,261.3899999999999,12.499940223706792
PAIR00113,S01331,S01072,Levi'S,Clothing,Jeans,32.0,count,4002.13,3457.95,-544.1800000000003,-13.59725945933791
PAIR00114,S01949,S00094,Dove,Personal Care,Moisturizer,100.0,count,411.13,1246.22,835.09,203.12066742879384
PAIR00115,S00545,S00546,Nike,Clothing,Socks,3.0,count,487.03,512.41,25.379999999999995,5.211177956183397
PAIR00116,S00719,S00720,Adidas,Clothing,T-Shirt,1.0,size_m,2257.99,2357.87,99.88000000000011,4.423403115159949
PAIR00117,S00163,S01628,Puma,Clothing,Socks,5.0,count,316.61,410.05,93.44,29.512649632039416
PAIR00118,S00813,S01934,Reebok,Clothing,Socks,1.0,count,178.25,317.77,139.51999999999998,78.27208976157081
PAIR00119,S00595,S01456,Nike,Clothing,Socks,1.0,count,263.17,173.66,-89.51000000000002,-34.0122354371699
PAIR00120,S00757,S01164,Reebok,Footwear,Sneakers,10.0,count,4516.78,4235.57,-281.21000000000004,-6.225895438786039
PAIR00121,S00795,S01938,Dettol,Personal Care,Soap,150.0,count,217.76,265.61,47.85000000000002,21.973732549595898
PAIR00122,S01237,S02000,L'Oréal,Personal Care,Shampoo,200.0,count,326.63,359.11,32.48000000000002,9.943973303125867
PAIR00123,S00109,S00110,Nivea,Personal Care,Lotion,400.0,count,1174.63,1231.14,56.50999999999999,4.8108766164664605
PAIR00124,S00319,S00064,Forest Essentials,Personal Care,Moisturizer,50.0,count,2186.09,2460.36,274.27,12.546144028836872
PAIR00125,S01583,S01584,Himalaya,Personal Care,Face Wash,150.0,count,305.75,375.09,69.33999999999997,22.678659035159434
PAIR00126,S01287,S01288,Neutrogena,Personal Care,Sunscreen,150.0,count,538.35,620.97,82.62,15.346893285037616
PAIR00127,S00469,S01234,Nivea,Personal Care,Lotion,200.0,count,219.3,750.58,531.28,242.26174190606474
PAIR00128,S01133,S01134,Neutrogena,Personal Care,Sunscreen,75.0,count,201.58,220.53,18.94999999999999,9.400734199821406
PAIR00129,S01903,S00288,Nivea,Personal Care,Soap,75.0,count,271.1,320.2,49.099999999999966,18.111398008115074
PAIR00130,S01335,S01336,Dove,Personal Care,Conditioner,100.0,count,989.39,1099.89,110.50000000000011,11.16849776124684
PAIR00131,S01393,S01588,Adidas,Clothing,Hoodie,1.0,size_l,3328.26,2718.65,-609.6100000000001,-18.31617722173148
PAIR00132,S01557,S01558,Nike,Clothing,Socks,5.0,count,186.42,203.26,16.840000000000003,9.03336551872117
PAIR00133,S01621,S01622,L'Oréal,Personal Care,Shampoo,350.0,count,432.14,451.0,18.860000000000014,4.364326375711578
PAIR00134,S00421,S00422,Reebok,Footwear,Sneakers,6.0,count,2094.13,2199.06,104.92999999999984,5.010672689852102
PAIR00135,S01801,S01802,Dove,Personal Care,Body Wash,400.0,count,251.75,273.98,22.230000000000018,8.83018867924529
PAIR00136,S00283,S01504,Healthkart,Health,Vitamins,60.0,count,587.33,363.11,-224.22000000000003,-38.17615309962032
PAIR00137,S01345,S00450,L'Oréal,Personal Care,Moisturizer,100.0,count,288.71,2066.84,1778.13,615.8879152090334
PAIR00138,S01299,S01746,Adidas,Clothing,Socks,1.0,count,478.62,547.73,69.11000000000001,14.43943002799716
PAIR00139,S01271,S01830,Puma,Footwear,Sneakers,6.0,count,6641.06,6871.46,230.39999999999964,3.469325679936631
PAIR00140,S01667,S01428,Himalaya,Health,Vitamins,30.0,count,327.96,1749.16,1421.2,433.34552994267597
PAIR00141,S00105,S01422,Neutrogena,Personal Care,Face Wash,150.0,count,364.61,867.24,502.63,137.85414552535585
PAIR00142,S00227,S01054,Levi'S,Clothing,Jeans,28.0,count,3155.04,1792.96,-1362.08,-43.17156042395659
PAIR00143,S01433,S00116,Puma,Footwear,Sneakers,9.0,count,1447.97,3776.59,2328.62,160.81963024095802
PAIR00144,S01095,S01242,Nivea,Personal Care,Deodorant,150.0,count,479.31,558.71,79.40000000000003,16.56547954351047
PAIR00145,S01779,S00890,Mamaearth,Personal Care,Face Wash,150.0,count,306.62,416.34,109.71999999999997,35.78370621616332
PAIR00146,S00465,S01360,Puma,Footwear,Sneakers,11.0,count,6186.92,4352.7,-1834.2200000000003,-29.64673860337616
PAIR00147,S00423,S00424,Dettol,Personal Care,Soap,75.0,count,106.6,126.78,20.180000000000007,18.93058161350845
PAIR00148,S01245,S00484,Reebok,Clothing,T-Shirt,1.0,size_m,1395.14,2481.11,1085.97,77.83949997849678
PAIR00149,S01615,S00332,Levi'S,Clothing,Jeans,34.0,count,2482.08,2143.19,-338.8899999999999,-13.653468059047247
PAIR00150,S00645,S01732,Ponds,Personal Care,Face Wash,100.0,count,708.58,302.85,-405.73,-57.25958960173869
PAIR00151,S01357,S01358,Neutrogena,Personal Care,Sunscreen,100.0,count,172.17,212.95,40.78,23.685891851077425
PAIR00152,S01179,S01180,Mamaearth,Personal Care,Shampoo,350.0,count,567.76,619.86,52.10000000000002,9.176412568691001
PAIR00153,S00457,S00458,Dove,Personal Care,Shampoo,100.0,count,130.9,155.73,24.829999999999984,18.968678380443073
PAIR00154,S00927,S00310,Himalaya,Health,Vitamins,60.0,count,1839.24,328.18,-1511.06,-82.15676040103521
PAIR00155,S00991,S00992,Neutrogena,Personal Care,Sunscreen,400.0,count,350.38,410.87,60.49000000000001,17.26411324847309
PAIR00156,S01407,S01262,Uniqlo,Clothing,Hoodie,1.0,size_l,1492.85,2568.31,1075.46,72.04072746759554
PAIR00157,S01129,S01256,Nike,Clothing,T-Shirt,1.0,size_l,1651.99,421.08,-1230.91,-74.51074159044546
PAIR00158,S00253,S01010,Puma,Clothing,T-Shirt,1.0,size_l,2272.95,844.24,-1428.7099999999998,-62.85708000615939
PAIR00159,S01221,S01222,Garnier,Personal Care,Shampoo,350.0,count,642.88,743.98,101.10000000000002,15.726107516177207
PAIR00160,S01865,S00950,Nivea,Shaving,Shaving Foam,250.0,count,180.39,591.95,411.56000000000006,228.1501191862077
PAIR00161,S01757,S00666,Himalaya,Personal Care,Shampoo,100.0,count,638.87,441.55,-197.32,-30.885782710097516
PAIR00162,S01191,S01032,Nike,Clothing,T-Shirt,1.0,size_xl,1879.45,1936.81,57.3599999999999,3.0519566894570165
PAIR00163,S01993,S00528,Uniqlo,Clothing,T-Shirt,1.0,size_xl,380.65,562.15,181.5,47.68159726783134
PAIR00164,S00835,S01970,Mamaearth,Personal Care,Body Wash,200.0,count,422.86,277.97,-144.89,-34.26429551151681
PAIR00165,S00633,S01840,Nike,Clothing,Hoodie,1.0,size_xl,2528.32,2615.49,87.16999999999962,3.447743956461192
PAIR00166,S01351,S00184,Neutrogena,Personal Care,Face Wash,100.0,count,386.18,627.04,240.85999999999996,62.36987933088196
PAIR00167,S01961,S01962,Puma,Clothing,T-Shirt,1.0,size_m,1794.68,1841.98,47.299999999999955,2.635567343481844
PAIR00168,S01507,S01860,Olay,Personal Care,Moisturizer,100.0,count,2472.31,2226.31,-246.0,-9.950208509450675
PAIR00169,S00425,S00426,Nike,Clothing,Hoodie,1.0,size_s,2134.23,2391.12,256.8899999999999,12.036659591515434
PAIR00170,S00441,S00916,Mamaearth,Personal Care,Moisturizer,50.0,count,2045.08,355.84,-1689.24,-82.6001916795431
PAIR00171,S01101,S01102,Mamaearth,Personal Care,Face Wash,100.0,count,642.17,729.47,87.30000000000007,13.594531043181723
PAIR00172,S01851,S00340,Himalaya,Hygiene,Toothpaste,200.0,count,217.33,275.91,58.58000000000001,26.954401141121803
PAIR00173,S01073,S00970,Ponds,Personal Care,Moisturizer,150.0,count,2484.8,2075.28,-409.52,-16.48100450740502
PAIR00174,S01201,S01202,Ponds,Personal Care,Face Wash,150.0,count,466.6,578.77,112.16999999999996,24.039862837548213
PAIR00175,S01365,S01532,Reebok,Clothing,Socks,3.0,count,413.76,484.67,70.91000000000003,17.137954369682916
PAIR00176,S01841,S01796,Ponds,Personal Care,Soap,150.0,count,99.47,71.32,-28.150000000000006,-28.29998994671761
PAIR00177,S00141,S01566,Mamaearth,Personal Care,Conditioner,100.0,count,302.47,545.59,243.12,80.3782193275366
PAIR00178,S01719,S01374,Garnier,Personal Care,Face Wash,50.0,count,251.78,135.6,-116.18,-46.143458574946386
PAIR00179,S01489,S00616,Nivea,Personal Care,Moisturizer,100.0,count,819.56,1201.74,382.18000000000006,46.6323393040168
PAIR00180,S01941,S01808,Puma,Footwear,Sneakers,10.0,count,7418.45,2918.23,-4500.219999999999,-60.6625373224865
PAIR00181,S00361,S01386,Ponds,Personal Care,Face Wash,50.0,count,336.64,332.36,-4.279999999999973,-1.2713878326996118
PAIR00182,S01607,S01062,Healthkart,Personal Care,Supplements,50.0,count,457.93,853.9,395.96999999999997,86.4695477474723
PAIR00183,S01293,S01294,L'Oréal,Personal Care,Conditioner,100.0,count,825.36,1012.17,186.80999999999995,22.63375981389938
PAIR00184,S01217,S01218,Reebok,Footwear,Sneakers,11.0,count,6644.41,7285.33,640.9200000000001,9.646003181621845
PAIR00185,S00427,S00308,Mamaearth,Personal Care,Body Wash,500.0,count,869.35,333.23,-536.12,-61.669063093115554
PAIR00186,S01603,S00322,Neutrogena,Personal Care,Moisturizer,100.0,count,2340.14,362.74,-1977.3999999999999,-84.49921799550454
PAIR00187,S01415,S01984,Garnier,Personal Care,Face Wash,100.0,count,594.08,798.48,204.39999999999998,34.4061405871263
PAIR00188,S01881,S00830,L'Oréal,Personal Care,Moisturizer,50.0,count,1787.46,1879.77,92.30999999999995,5.164311369205461
PAIR00189,S01327,S00400,Himalaya,Hygiene,Toothpaste,100.0,count,54.14,480.83,426.69,788.1233838197267
PAIR00190,S01475,S01740,Forest Essentials,Personal Care,Moisturizer,100.0,count,1086.19,717.91,-368.2800000000001,-33.90567027868053
PAIR00191,S00837,S01690,Himalaya,Health,Vitamins,100.0,count,1395.02,1165.35,-229.67000000000007,-16.463563246405073
PAIR00192,S01657,S01658,Healthkart,Personal Care,Supplements,200.0,count,446.89,522.93,76.03999999999996,17.015372910559638
PAIR00193,S00695,S00696,Reebok,Clothing,T-Shirt,1.0,size_l,1622.42,1657.43,35.00999999999999,2.1578876000049303
PAIR00194,S00909,S00910,Neutrogena,Personal Care,Sunscreen,650.0,count,157.75,194.15,36.400000000000006,23.074484944532493
PAIR00195,S01617,S01618,Puma,Footwear,Sneakers,7.0,count,5329.88,5869.97,540.0900000000001,10.133248778584136
PAIR00196,S01643,S01726,Mamaearth,Personal Care,Moisturizer,150.0,count,590.12,210.22,-379.9,-64.3767369348607
PAIR00197,S01813,S01478,Mamaearth,Personal Care,Conditioner,400.0,count,328.52,465.09,136.57,41.57128941921344
PAIR00198,S01051,S00478,Mamaearth,Personal Care,Shampoo,200.0,count,456.63,149.48,-307.15,-67.26452488885968
PAIR00199,S01981,S01028,Reebok,Clothing,Socks,5.0,count,169.04,239.88,70.84,41.90724088973025
PAIR00200,S01411,S01412,Uniqlo,Clothing,T-Shirt,1.0,size_m,1507.13,1654.27,147.13999999999987,9.762926887527941
PAIR00201,S01877,S01252,Dove,Personal Care,Shampoo,200.0,count,526.42,162.25,-364.16999999999996,-69.17860263667794
PAIR00202,S00381,S01264,Reebok,Clothing,T-Shirt,1.0,size_xl,2363.09,2509.73,146.63999999999987,6.205434410030929
PAIR00203,S00557,S00558,Neutrogena,Personal Care,Sunscreen,50.0,count,227.65,274.38,46.72999999999999,20.52712497254557
PAIR00204,S01487,S01460,Healthkart,Personal Care,Supplements,150.0,count,477.53,106.0,-371.53,-77.80244173140954
PAIR00205,S01597,S01552,Adidas,Clothing,Socks,5.0,count,474.18,119.11,-355.07,-74.88084693576279
PAIR00206,S00577,S00862,Mamaearth,Personal Care,Conditioner,200.0,count,440.58,208.47,-232.10999999999999,-52.682827182350536
PAIR00207,S01195,S01196,Nivea,Shaving,Shaving Foam,150.0,count,382.6,375.5,-7.100000000000023,-1.8557239937271361
PAIR00208,S01183,S00044,Mamaearth,Personal Care,Face Wash,50.0,count,339.15,373.48,34.33000000000004,10.122364735367844
PAIR00209,S00995,S01978,Adidas,Clothing,Hoodie,1.0,size_m,1211.65,1498.49,286.8399999999999,23.673503074320134
PAIR00210,S00137,S01018,Healthkart,Health,Vitamins,30.0,count,509.98,1053.32,543.3399999999999,106.54143299737243
PAIR00211,S00335,S00336,Nivea,Shaving,Shaving Foam,50.0,count,216.9,221.23,4.329999999999984,1.9963116643614494
PAIR00212,S00391,S00962,Uniqlo,Clothing,Hoodie,1.0,size_xl,1455.12,1814.91,359.7900000000002,24.72579581065481
PAIR00213,S01847,S01848,Nike,Footwear,Sneakers,9.0,count,6822.8,7177.2,354.39999999999964,5.194348361376556
PAIR00214,S01593,S01594,Neutrogena,Personal Care,Sunscreen,350.0,count,486.31,534.09,47.78000000000003,9.825008739281534
PAIR00215,S00707,S00708,Dove,Personal Care,Conditioner,200.0,count,481.6,521.81,40.20999999999992,8.349252491694335
PAIR00216,S01309,S01310,Nivea,Personal Care,Deodorant,100.0,count,183.24,199.23,15.98999999999998,8.72626064178126
PAIR00217,S01921,S01922,Healthkart,Personal Care,Supplements,650.0,count,570.55,731.45,160.9000000000001,28.20085882043644
PAIR00218,S00939,S01432,Dove,Personal Care,Deodorant,50.0,count,415.43,476.74,61.31,14.758202344558649
PAIR00219,S00363,S00018,Dove,Personal Care,Lotion,200.0,count,1008.07,1057.13,49.06000000000006,4.86672552501315
PAIR00220,S01659,S01660,Dove,Personal Care,Moisturizer,50.0,count,506.38,611.77,105.38999999999999,20.812433350448277
PAIR00221,S00517,S00518,Dove,Personal Care,Deodorant,100.0,count,444.71,513.47,68.76000000000005,15.46176159744554
PAIR00222,S01121,S01122,Himalaya,Personal Care,Shampoo,350.0,count,292.81,316.0,23.189999999999998,7.9198114818482965
PAIR00223,S01203,S01204,Garnier,Personal Care,Conditioner,400.0,count,356.35,439.68,83.32999999999998,23.384313175249048
PAIR00224,S01605,S01068,Uniqlo,Clothing,Socks,5.0,count,462.85,353.01,-109.84000000000003,-23.73123042022254
PAIR00225,S00111,S00112,Adidas,Clothing,T-Shirt,1.0,size_xl,1062.99,1197.04,134.04999999999995,12.610654850939326
PAIR00226,S00233,S00234,Forest Essentials,Personal Care,Body Oil,150.0,count,1461.33,1655.39,194.06000000000017,13.27968357592058
PAIR00227,S00919,S01390,Levi'S,Clothing,T-Shirt,1.0,size_m,1949.8,1406.27,-543.53,-27.87619242999282
PAIR00228,S00869,S00870,Dove,Personal Care,Conditioner,400.0,count,436.38,462.92,26.54000000000002,6.081855263760947
PAIR00229,S01541,S01908,Adidas,Footwear,Sneakers,6.0,count,4929.62,2533.21,-2396.41,-48.612469115266485
PAIR00230,S00235,S00236,Dove,Personal Care,Body Wash,500.0,count,412.06,435.39,23.329999999999984,5.66179682570499
PAIR00231,S00265,S00266,Healthkart,Personal Care,Supplements,400.0,count,336.65,399.27,62.620000000000005,18.60092083766523
PAIR00232,S00357,S00526,Uniqlo,Clothing,Hoodie,1.0,size_m,3685.4,1357.74,-2327.66,-63.15895153850328
PAIR00233,S01093,S01094,Dove,Personal Care,Face Wash,50.0,count,759.82,944.9,185.07999999999993,24.358400673843793
PAIR00234,S01665,S01666,Mamaearth,Personal Care,Shampoo,650.0,count,609.64,643.8,34.15999999999997,5.603306869627972
PAIR00235,S00741,S00742,Forest Essentials,Personal Care,Body Oil,400.0,count,961.91,1134.23,172.32000000000005,17.914357892110495
PAIR00236,S00051,S00052,Forest Essentials,Personal Care,Body Oil,50.0,count,205.65,232.24,26.590000000000003,12.929734986627766
PAIR00237,S00685,S00686,Nike,Footwear,Sneakers,8.0,count,6447.92,6455.69,7.769999999999527,0.1205039764761276
PAIR00238,S00993,S00994,Dove,Personal Care,Body Wash,200.0,count,611.28,705.18,93.89999999999998,15.361209265802902
PAIR00239,S00263,S00264,Puma,Footwear,Sneakers,8.0,count,7603.29,7991.32,388.02999999999975,5.10344863868141
PAIR00240,S01521,S01522,Dove,Personal Care,Soap,75.0,count,289.29,345.48,56.19,19.42341594939334
PAIR00241,S00649,S00650,Dove,Personal Care,Shampoo,350.0,count,219.23,244.45,25.22,11.503900013684259
PAIR00242,S00805,S00806,Adidas,Clothing,Hoodie,1.0,size_s,2015.42,2236.12,220.69999999999982,10.950571096843328
PAIR00243,S00503,S00504,Reebok,Footwear,Sneakers,8.0,count,6867.86,6961.92,94.0600000000004,1.3695678129723146
PAIR00244,S01757,S00434,Olay,Personal Care,Face Wash,50000.0,ml,442.45,799.0,356.55,80.58537687874336
PAIR00245,S00197,S01518,Dettol,Personal Care,Soap,100.0,count,95.04,285.92,190.88,200.8417508417508
PAIR00246,S03591,S03200,Gillette,Hygiene,Shaving Foam,250.0,ml,352.0,289.0,-63.0,-17.897727272727273
PAIR00247,S02465,S02814,Dettol,Hygiene,Handwash,200.0,ml,385.0,127.0,-258.0,-67.01298701298701
PAIR00248,S01979,S00898,Park Avenue,Personal Care,Deodorant,150.0,count,502.91,224.53,-278.38,-55.35384064743194
PAIR00249,S02213,S02214,Levi'S,Clothing,Jeans,30.0,count,1815.0,2017.0,202.0,11.129476584022038
PAIR00250,S03239,S02360,Levi'S,Clothing,Jeans,32.0,count,2601.0,4693.0,2092.0,80.43060361399462
PAIR00251,S01117,S01072,Levi'S,Clothing,Jeans,32.0,count,4975.0,3457.95,-1517.0500000000002,-30.493467336683423
PAIR00252,S03023,S03024,Mamaearth,Personal Care,Shampoo,200.0,count,439.0,556.36,117.36000000000001,26.73348519362187
PAIR00253,S01175,S01430,Olay,Personal Care,Conditioner,400.0,ml,362.0,379.0,17.0,4.696132596685083
PAIR00254,S02425,S02426,Nike,Clothing,T-Shirt,1.0,size_l,752.54,856.0,103.46000000000004,13.748106412948156
PAIR00255,S02867,S03364,Nivea,Personal Care,Moisturizer,150.0,count,477.0,2863.0,2386.0,500.20964360587004
PAIR00256,S02585,S02586,Mamaearth,Health,Pain Relief,30.0,ml,146.0,152.0,6.0,4.10958904109589
PAIR00257,S02021,S02468,Puma,Clothing,T-Shirt,1.0,size_m,2014.39,2158.99,144.59999999999968,7.1783517590933075
PAIR00258,S02611,S02714,Levi'S,Clothing,Jeans,36.0,count,3072.0,1674.92,-1397.08,-45.477864583333336
PAIR00259,S00403,S01646,Neutrogena,Personal Care,Face Wash,50.0,ml,672.48,348.0,-324.48,-48.25124910778016
PAIR00260,S00271,S00272,Himalaya,Personal Care,Face Wash,150.0,g,401.3,492.0,90.69999999999999,22.601544978818836
PAIR00261,S03199,S03592,Gillette,Hygiene,Shaving Foam,250.0,g,277.28,377.0,99.72000000000003,35.96364685516447
PAIR00262,S02359,S02360,Levi'S,Clothing,Jeans,32.0,count,4413.0,4693.0,280.0,6.344890097439383
PAIR00263,S01211,S00702,Dettol,Personal Care,Soap,150.0,g,85.84,165.49,79.65,92.78890959925444
PAIR00264,S03545,S03072,Uniqlo,Clothing,T-Shirt,,Unknown,1330.0,2001.0,671.0,50.451127819548866
PAIR00265,S01331,S01106,Olay,Personal Care,Moisturizer,150.0,count,207.86,2016.0,1808.1399999999999,869.8835754834985
PAIR00266,S02887,S02060,Gillette,Hygiene,Shaving Foam,250.0,count,343.0,187.0,-156.0,-45.481049562682216
PAIR00267,S03247,S02342,Dettol,Hygiene,Handwash,200.0,count,415.0,188.47,-226.53,-54.58554216867469
PAIR00268,S01433,S01434,Reebok,Footwear,Sneakers,7.0,g,3025.0,3188.0,163.0,5.3884297520661155
PAIR00269,S00121,S00946,Loréal,Personal Care,Moisturizer,50.0,count,2207.0,1127.81,-1079.19,-48.89850475758949
PAIR00270,S01455,S01822,Levis,Clothing,T-Shirt,1.0,size_l,2101.0,1412.0,-689.0,-32.79390766301761
PAIR00271,S02883,S02006,Colgate,Health,Pain Relief,10.0,count,481.0,526.0,45.0,9.355509355509357
PAIR00272,S01689,S00804,Himalaya,Personal Care,Soap,75.0,count,95.0,90.28,-4.719999999999999,-4.9684210526315775
PAIR00273,S00565,S01912,Adidas,Footwear,Sneakers,7000.0,ml,6984.0,6024.94,-959.0600000000004,-13.732245131729673
PAIR00274,S03027,S03028,Park Avenue,Personal Care,Perfume,30000.0,ml,4223.0,5019.72,796.7200000000003,18.866208856263324
PAIR00275,S02587,S03082,Levi'S,Clothing,Jeans,36.0,pack,1363.0,1855.0,492.0,36.09684519442406
PAIR00276,S03271,S02360,Levi'S,Clothing,Jeans,32.0,count,4281.0,4693.0,412.0,9.62391964494277
PAIR00277,S00045,S00046,L'Oréal,Personal Care,Shampoo,350000.0,ml,378.38,444.87,66.49000000000001,17.57228183307786
PAIR00278,S01765,S00478,Gillette,Hygiene,Shaving Foam,150000.0,ml,529.0,119.95,-409.05,-77.32514177693763
PAIR00279,S00189,S01010,Puma,Clothing,T-Shirt,1.0,size_l,2240.05,844.24,-1395.8100000000002,-62.311555545635144
PAIR00280,S00323,S00946,Loréal,Personal Care,Moisturizer,50.0,count,2395.89,1127.81,-1268.08,-52.92730467592419
PAIR00281,S02895,S03378,Levi'S,Clothing,Jeans,36.0,count,4737.0,2066.92,-2670.08,-56.36647667299979
PAIR00282,S02239,S02762,Dettol,Hygiene,Handwash,200.0,count,300.0,329.0,29.0,9.666666666666666
PAIR00283,S01033,S01034,Dove,Personal Care,Lotion,400.0,count,1085.0,1277.55,192.54999999999995,17.74654377880184
PAIR00284,S00239,S00240,Nivea,Personal Care,Face Wash,100.0,count,523.0,624.0,101.0,19.311663479923517
PAIR00285,S01733,S01028,Reebok,Clothing,Socks,5.0,count,176.1,239.88,63.78,36.218057921635435
PAIR00286,S02701,S03232,Gillette,Hygiene,Shaving Foam,150.0,g,429.0,159.0,-270.0,-62.93706293706294
PAIR00287,S02179,S02180,Nivea,Hygiene,Shaving Foam,50.0,count,232.0,243.0,11.0,4.741379310344827
PAIR00288,S02467,S02468,Puma,Clothing,T-Shirt,1.0,size_m,1914.0,2158.99,244.98999999999978,12.799895506792048
PAIR00289,S01587,S00116,Mamaearth,Personal Care,Moisturizer,100.0,ml,1686.0,2678.0,992.0,58.83748517200475
PAIR00290,S01271,S00510,Ponds,Personal Care,Face Wash,100.0,g,502.0,301.0,-201.0,-40.0398406374502
PAIR00291,S01415,S01212,Dettol,Personal Care,Soap,150.0,count,166.0,107.18,-58.81999999999999,-35.433734939759034
PAIR00292,S01579,S00928,Olay,Personal Care,Face Wash,100000.0,ml,550.0,757.0,207.0,37.63636363636363
PAIR00293,S02683,S02684,Puma,Health,Pain Relief,20.0,count,467.0,498.0,31.0,6.638115631691649
PAIR00294,S03025,S03026,Sensodyne,Hygiene,Toothpaste,100.0,count,477.0,567.0,90.0,18.867924528301888
PAIR00295,S00359,S01512,Dove,Personal Care,Body Wash,500.0,ml,890.0,509.0,-381.0,-42.80898876404494
PAIR00296,S00535,S00492,Nivea,Personal Care,Lotion,100000.0,ml,208.0,915.0,707.0,339.9038461538462
PAIR00297,S02619,S03360,Vaseline,Personal Care,Moisturizer,150.0,ml,1353.42,1750.0,396.5799999999999,29.30206439981675
PAIR00298,S00059,S01106,Olay,Personal Care,Moisturizer,150.0,count,859.9,2016.0,1156.1,134.44586579834862
PAIR00299,S00369,S00422,Forest Essentials,Personal Care,Moisturizer,100000.0,ml,1923.34,246.0,-1677.34,-87.20974970624017
PAIR00300,S03473,S03474,Puma,Footwear,Sneakers,6000.0,ml,1836.09,1978.84,142.75,7.774673354791976
PAIR00301,S02257,S02258,Levis,Clothing,Jeans,32.0,count,4457.54,5325.71,868.1700000000001,19.476437676386528
PAIR00302,S01351,S00206,Colgate,Hygiene,Toothpaste,50.0,ml,69.0,236.0,167.0,242.02898550724638
PAIR00303,S00223,S01540,L'Oréal,Personal Care,Conditioner,200.0,g,142.0,966.82,824.82,580.8591549295775
PAIR00304,S01259,S01260,Himalaya,Personal Care,Face Wash,150.0,ml,570.0,697.0,127.0,22.280701754385966
PAIR00305,S02813,S03434,Dettol,Hygiene,Handwash,200000.0,ml,119.0,279.27,160.26999999999998,134.68067226890753
PAIR00306,S00721,S00722,Vaseline,Personal Care,Moisturizer,100.0,g,2014.91,2486.3,471.3900000000001,23.39508960697997
PAIR00307,S01831,S01968,Vaseline,Personal Care,Lotion,200.0,g,808.52,620.53,-187.99,-23.251125513283533
PAIR00308,S02841,S02842,Vaseline,Footwear,Formals,7.0,count,3364.78,3454.0,89.2199999999998,2.6515849476042948
PAIR00309,S00863,S00152,Gillette,Personal Care,Razor,650000.0,ml,715.78,681.82,-33.95999999999992,-4.744474559222097
PAIR00310,S03433,S03522,Dettol,Hygiene,Handwash,200.0,g,233.11,451.0,217.89,93.47089356955942
PAIR00311,S00347,S00348,L'Oréal,Personal Care,Conditioner,200000.0,ml,878.97,1033.0,154.02999999999997,17.523920042777338
PAIR00312,S01925,S01594,Neutrogena,Personal Care,Sunscreen,350.0,count,564.0,534.09,-29.909999999999968,-5.303191489361696
PAIR00313,S00179,S00180,Nivea,Personal Care,Face Wash,100.0,ml,156.0,188.0,32.0,20.51282051282051
PAIR00314,S02177,S02178,Levi'S,Clothing,Jeans,34.0,pack,3441.7,3842.0,400.3000000000002,11.630880088328448
PAIR00315,S02563,S02232,Nike,Footwear,Sneakers,10.0,g,2461.0,7640.0,5179.0,210.44290938642825
PAIR00316,S01269,S01264,Reebok,Clothing,T-Shirt,1.0,size_xl,483.74,2509.73,2025.99,418.81796006118986
PAIR00317,S02079,S02080,Garnier,Health,Pain Relief,20.0,count,166.27,166.0,-0.27000000000001023,-0.16238647982198245
PAIR00318,S02877,S02572,Himalaya,Hygiene,Toothpaste,200.0,ml,306.0,512.0,206.0,67.3202614379085
PAIR00319,S02789,S03224,Nivea,Hygiene,Shaving Foam,50000.0,ml,144.0,334.0,190.0,131.94444444444443
PAIR00320,S00437,S01950,Nivea,Personal Care,Face Wash,50.0,count,402.19,504.0,101.81,25.31390636266441
PAIR00321,S01403,S01404,Nivea,Personal Care,Lotion,400000.0,ml,773.79,889.0,115.21000000000004,14.889052585326773
PAIR00322,S01643,S01448,Neutrogena,Personal Care,Face Wash,100.0,count,104.0,747.0,643.0,618.2692307692307
PAIR00323,S00603,S01432,Mamaearth,Personal Care,Conditioner,200.0,ml,530.01,973.42,443.40999999999997,83.66068564744062
PAIR00324,S02481,S02482,Mamaearth,Health,Vitamins,30.0,count,1636.0,1842.0,206.0,12.591687041564793
PAIR00325,S00579,S01254,Ponds,Personal Care,Soap,100.0,count,245.05,305.5,60.44999999999999,24.668435013262595
PAIR00326,S02047,S02048,Dove,Personal Care,Soap,150.0,ml,237.0,257.61,20.610000000000014,8.696202531645575
PAIR00327,S02485,S02486,Nivea,Footwear,Formals,9.0,count,5838.0,6374.0,536.0,9.181226447413497
PAIR00328,S00913,S01766,Gillette,Hygiene,Shaving Foam,150.0,count,533.34,558.0,24.659999999999968,4.623692203847446
PAIR00329,S02397,S02054,Nivea,Hygiene,Shaving Foam,150.0,count,311.33,483.0,171.67000000000002,55.140847332412555
PAIR00330,S01633,S01418,Park Avenue,Personal Care,Perfume,50.0,count,3246.0,5507.88,2261.88,69.68207024029576
PAIR00331,S02421,S02422,Puma,Clothing,Socks,1.0,count,419.0,458.94,39.94,9.532219570405728
PAIR00332,S02441,S02042,Himalaya,Personal Care,Soap,100000.0,ml,115.0,121.63,6.6299999999999955,5.765217391304344
PAIR00333,S02949,S02856,Levi'S,Clothing,Jeans,30.0,count,5099.0,1963.0,-3136.0,-61.50225534418513
PAIR00334,S02993,S02994,Puma,Clothing,Socks,5.0,ml,296.0,322.0,26.0,8.783783783783784
PAIR00335,S03359,S02620,Vaseline,Personal Care,Moisturizer,150.0,count,1554.0,1634.99,80.99000000000001,5.211711711711713
PAIR00336,S01335,S01034,Dove,Personal Care,Lotion,400.0,count,725.0,1277.55,552.55,76.21379310344827
PAIR00337,S02019,S02346,Dettol,Hygiene,Handwash,500.0,count,193.01,264.28,71.26999999999998,36.92554789907258
PAIR00338,S03067,S02702,Gillette,Hygiene,Shaving Foam,150000.0,ml,406.52,551.8,145.27999999999997,35.73747909081963
PAIR00339,S02383,S02384,Himalaya,Hygiene,Toothpaste,50.0,ml,94.61,109.0,14.39,15.209808688299335
PAIR00340,S00571,S00264,Puma,Footwear,Sneakers,8.0,count,7129.8,7991.32,861.5199999999995,12.083368397430496
PAIR00341,S01651,S00692,Colgate,Personal Care,Toothbrush,650.0,count,335.0,393.93,58.93000000000001,17.591044776119404
PAIR00342,S00529,S00530,Colgate,Personal Care,Toothbrush,350.0,count,269.0,330.39,61.389999999999986,22.821561338289957
PAIR00343,S00289,S01308,Gillette,Personal Care,Razor,350.0,g,375.0,259.0,-116.0,-30.933333333333334
PAIR00344,S01919,S00248,Uniqlo,Clothing,Hoodie,1.0,size_l,3563.0,4301.73,738.7299999999996,20.733370754981745
PAIR00345,S03101,S02422,Puma,Clothing,Socks,1.0,count,265.0,458.94,193.94,73.18490566037735
PAIR00346,S00875,S01676,Ponds,Personal Care,Face Wash,50.0,count,387.13,724.0,336.87,87.01728101671273
PAIR00347,S01833,S01408,Dove,Personal Care,Face Wash,100.0,count,387.0,152.0,-235.0,-60.72351421188631
PAIR00348,S02195,S02020,Dettol,Hygiene,Handwash,500000.0,ml,381.84,211.38,-170.45999999999998,-44.641734758013826
PAIR00349,S02229,S02230,Puma,Health,Pain Relief,30.0,count,149.0,164.0,15.0,10.06711409395973
PAIR00350,S02555,S02556,Uniqlo,Clothing,Hoodie,1.0,size_s,1533.0,1625.0,92.0,6.001304631441617
PAIR00351,S00941,S00534,Reebok,Clothing,T-Shirt,1.0,size_s,1056.56,1487.09,430.53,40.74827742863633
PAIR00352,S02311,S02814,Dettol,Hygiene,Handwash,200.0,ml,454.0,127.0,-327.0,-72.02643171806167
PAIR00353,S01613,S00230,Vaseline,Personal Care,Moisturizer,150.0,count,368.0,1651.0,1283.0,348.64130434782606
PAIR00354,S03127,S03470,Gillette,Hygiene,Shaving Foam,150.0,count,270.0,489.0,219.0,81.11111111111111
PAIR00355,S02743,S02298,Dettol,Hygiene,Handwash,500.0,g,163.97,420.0,256.03,156.14441666158442
PAIR00356,S01973,S01806,Nivea,Personal Care,Soap,150.0,g,223.0,123.01,-99.99,-44.83856502242152
PAIR00357,S02953,S02954,Parkavnue,Personal Care,Deodorant,50.0,count,392.0,460.0,68.0,17.346938775510203
PAIR00358,S01653,S01654,Adidas,Footwear,Sneakers,8.0,ml,7702.0,8322.65,620.6499999999996,8.058296546351592
PAIR00359,S02801,S02802,Nike,Clothing,Hoodie,1.0,size_l,2578.0,2618.0,40.0,1.5515903801396431
PAIR00360,S02959,S02960,Gillette,Footwear,Formals,7000.0,ml,6451.0,7037.0,586.0,9.083862966981863
PAIR00361,S00273,S00400,Neutrogena,Personal Care,Sunscreen,200.0,ml,622.0,610.0,-12.0,-1.929260450160772
PAIR00362,S01913,S01072,Olay,Personal Care,Face Wash,150000.0,ml,775.98,586.0,-189.98000000000002,-24.48258975746798
PAIR00363,S00351,S00352,Nivea,Personal Care,Soap,100.0,count,176.73,230.0,53.27000000000001,30.14202455723421
PAIR00364,S03015,S02804,Reebok,Clothing,Socks,5000.0,ml,448.58,478.07,29.49000000000001,6.574078202327346
PAIR00365,S01285,S00502,Colgate,Hygiene,Toothpaste,100.0,count,52.0,518.91,466.90999999999997,897.9038461538462
PAIR00366,S02365,S02320,Gillette,Hygiene,Shaving Foam,50.0,count,469.57,533.0,63.43000000000001,13.508103158208575
PAIR00367,S00945,S00324,L'Oréal,Personal Care,Moisturizer,50.0,g,885.0,2699.0,1814.0,204.97175141242937
PAIR00368,S02413,S03362,Himalaya,Hygiene,Toothpaste,100.0,count,111.42,498.0,386.58,346.9574582660204
PAIR00369,S03523,S03524,Levi'S,Clothing,Jeans,34.0,count,3205.88,3773.0,567.1199999999999,17.689994634858444
PAIR00370,S01037,S01454,Mamaearth,Personal Care,Face Wash,50000.0,ml,160.0,964.6,804.6,502.87500000000006
PAIR00371,S00901,S01518,Dettol,Personal Care,Soap,100.0,count,128.0,285.92,157.92000000000002,123.37500000000001
PAIR00372,S02861,S02864,Dettol,Personal Care,Soap,150000.0,ml,248.0,165.0,-83.0,-33.46774193548387
PAIR00373,S01353,S00866,Dove,Personal Care,Conditioner,100000.0,ml,706.0,688.6,-17.399999999999977,-2.4645892351274754
PAIR00374,S00457,S01978,Adidas,Clothing,Hoodie,1.0,size_m,3893.0,1498.49,-2394.51,-61.50809144618547
PAIR00375,S01593,S00996,Vaseline,Personal Care,Lip Balm,350.0,count,418.0,506.0,88.0,21.052631578947366
PAIR00376,S02629,S03378,Levi'S,Clothing,Jeans,36.0,count,4222.0,2066.92,-2155.08,-51.044054950260545
PAIR00377,S03547,S02556,Uniqlo,Clothing,Hoodie,1.0,size_s,2089.0,1625.0,-464.0,-22.21158449018669
PAIR00378,S03123,S03124,Levi'S,Footwear,Sandals,10.0,count,550.38,581.15,30.769999999999982,5.59068280097387
PAIR00379,S02719,S02720,Forest Essentials,Footwear,Formals,11.0,g,1082.0,1179.0,97.0,8.964879852125692
PAIR00380,S00253,S00510,Ponds,Personal Care,Face Wash,100.0,g,504.0,301.0,-203.0,-40.27777777777778
PAIR00381,S03393,S03394,Adidas,Footwear,Sneakers,11.0,ml,1703.55,1983.7,280.1500000000001,16.44507058789
PAIR00382,S02403,S02702,Gillette,Hygiene,Shaving Foam,150000.0,ml,375.0,551.8,176.79999999999995,47.146666666666654
PAIR00383,S02227,S03458,Mamaearth,Personal Care,Shampoo,650.0,count,415.35,715.0,299.65,72.14397496087635
PAIR00384,S02689,S02888,Gillette,Hygiene,Shaving Foam,250.0,count,491.26,357.69,-133.57,-27.189268411838945
PAIR00385,S00073,S00074,Dove,Personal Care,Deodorant,150.0,count,394.26,404.03,9.769999999999982,2.4780601633439816
PAIR00386,S01887,S01846,Forest Essentials,Personal Care,Moisturizer,150.0,count,1618.0,569.82,-1048.1799999999998,-64.78244746600741
PAIR00387,S01727,S01996,Forest Essentials,Personal Care,Body Oil,350.0,count,630.72,293.0,-337.72,-53.545154743784884
PAIR00388,S02535,S02536,Dettol,Hygiene,Handwash,500.0,ml,124.3,141.0,16.700000000000003,13.435237329042641
PAIR00389,S01585,S01410,Park Avenue,Personal Care,Perfume,30.0,count,336.84,3214.53,2877.69,854.3195582472391
PAIR00390,S02571,S02878,Himalaya,Hygiene,Toothpaste,200.0,g,458.57,379.0,-79.57,-17.35176745098894
PAIR00391,S01073,S00896,Mamaearth,Personal Care,Body Wash,400000.0,ml,634.23,888.8,254.56999999999994,40.13843558330573
PAIR00392,S02167,S02168,Uniqlo,Clothing,Socks,5.0,count,243.05,271.11,28.060000000000002,11.544949598847975
PAIR00393,S01265,S00550,Mamaearth,Personal Care,Shampoo,100.0,count,718.0,900.0,182.0,25.348189415041784
PAIR00394,S01607,S01174,Garnier,Personal Care,Moisturizer,150.0,count,1104.0,1356.22,252.22000000000003,22.846014492753625
PAIR00395,S00909,S01930,Mamaearth,Personal Care,Shampoo,650.0,count,400.0,625.98,225.98000000000002,56.495000000000005
PAIR00396,S00141,S00630,Forest Essentials,Personal Care,Face Wash,50.0,ml,163.0,704.0,541.0,331.90184049079755
PAIR00397,S02207,S02208,Forest Essentials,Footwear,Sandals,11.0,count,1380.0,1408.0,28.0,2.0289855072463765
PAIR00398,S03083,S03222,Uniqlo,Clothing,T-Shirt,1.0,size_s,682.0,1986.49,1304.49,191.2741935483871
PAIR00399,S03005,S03006,Sensodyne,Hygiene,Toothpaste,200.0,count,505.0,579.0,74.0,14.653465346534652
PAIR00400,S03461,S03032,Colgate,Hygiene,Toothpaste,50.0,g,120.95,482.0,361.05,298.5117817279868
PAIR00401,S02437,S02346,Dettol,Hygiene,Handwash,500.0,count,92.0,264.28,172.27999999999997,187.26086956521738
PAIR00402,S03565,S03156,Uniqlo,Clothing,Hoodie,1.0,size_m,2009.59,2799.62,790.03,39.31299419284531
PAIR00403,S02603,S02768,Garnier,Personal Care,Conditioner,100.0,ml,157.84,1031.0,873.16,553.1931069437404
PAIR00404,S03155,S03566,Uniqlo,Clothing,Hoodie,,Unknown,2722.0,2207.0,-515.0,-18.919911829537106
PAIR00405,S01089,S01602,Dettol,Hygiene,Handwash,200.0,count,474.0,171.42,-302.58000000000004,-63.83544303797469
PAIR00406,S02133,S02134,Gillette,Footwear,Sandals,6.0,count,2543.0,2830.0,287.0,11.285882815572158
PAIR00407,S02695,S03406,Nike,Clothing,Hoodie,1.0,size_s,3561.0,3436.0,-125.0,-3.5102499297950014
PAIR00408,S01519,S01186,Colgate,Hygiene,Toothpaste,200.0,g,478.0,562.34,84.34000000000003,17.644351464435154
PAIR00409,S00427,S00074,Dove,Personal Care,Deodorant,150.0,count,139.0,404.03,265.03,190.66906474820144
PAIR00410,S00495,S00118,Levis,Clothing,T-Shirt,1.0,size_m,1654.89,1389.0,-265.8900000000001,-16.066928919746935
PAIR00411,S02715,S03598,Olay,Personal Care,Face Wash,50.0,ml,310.0,332.97,22.970000000000027,7.409677419354847
PAIR00412,S01967,S01832,Vaseline,Personal Care,Lotion,200.0,count,556.0,945.24,389.24,70.00719424460432
PAIR00413,S01025,S01576,Neutrogena,Personal Care,Moisturizer,50.0,count,874.0,1100.0,226.0,25.85812356979405
PAIR00414,S02343,S02344,Mamaearth,Personal Care,Shampoo,100.0,g,612.54,672.0,59.460000000000036,9.707121167597224
PAIR00415,S02965,S02966,Colgate,Footwear,Sandals,11.0,ml,1493.0,1458.0,-35.0,-2.344273275284662
PAIR00416,S02597,S02598,Uniqlo,Health,Vitamins,60.0,ml,897.04,1021.28,124.24000000000001,13.84999554089004
PAIR00417,S00133,S00526,Uniqlo,Clothing,Hoodie,1.0,size_m,2909.0,1357.74,-1551.26,-53.32622894465452
PAIR00418,S02749,S02750,Reebok,Clothing,Socks,1.0,count,482.0,492.3,10.300000000000011,2.1369294605809155
PAIR00419,S03251,S03434,Dettol,Hygiene,Handwash,200000.0,ml,93.0,279.27,186.26999999999998,200.29032258064515
PAIR00420,S00549,S00550,Mamaearth,Personal Care,Shampoo,100.0,count,732.0,900.0,168.0,22.950819672131146
PAIR00421,S00307,S00262,Levi'S,Clothing,Jeans,36.0,count,4788.0,4831.07,43.06999999999971,0.8995405179615645
PAIR00422,S00695,S01452,Dettol,Hygiene,Handwash,500.0,count,133.0,462.36,329.36,247.6390977443609
PAIR00423,S01267,S00384,Olay,Personal Care,Face Wash,50.0,count,223.86,494.0,270.14,120.67363530778164
PAIR00424,S03581,S03582,Neutrogena,Footwear,Formals,9.0,count,4706.87,4723.74,16.86999999999989,0.3584122782231056
PAIR00425,S00553,S01864,Park Avanue,Personal Care,Perfume,100.0,count,3637.0,4682.0,1045.0,28.73247181743195
PAIR00426,S03269,S03270,Colgate,Hygiene,Toothpaste,100.0,g,161.0,185.0,24.0,14.906832298136646
PAIR00427,S02319,S02320,Gillette,Hygiene,Shaving Foam,50.0,count,474.76,533.0,58.24000000000001,12.267250821467691
PAIR00428,S00793,S00038,Puma,Clothing,Socks,3.0,count,294.0,503.94,209.94,71.40816326530613
PAIR00429,S03137,S03458,Mamaearth,Personal Care,Shampoo,650.0,count,205.62,715.0,509.38,247.72882015368154
PAIR00430,S01711,S00910,Neutrogena,Personal Care,Sunscreen,650.0,count,415.0,194.15,-220.85,-53.21686746987952
PAIR00431,S02127,S03372,Uniqlo,Clothing,Hoodie,1.0,size_xl,3829.0,2603.0,-1226.0,-32.018803865238965
PAIR00432,S00907,S00908,Ponds,Personal Care,Moisturizer,150.0,count,2184.0,2588.79,404.78999999999996,18.53434065934066
PAIR00433,S02933,S02934,Olay,Personal Care,Face Wash,150.0,count,127.0,158.0,31.0,24.409448818897637
PAIR00434,S03411,S03412,Dettol,Hygiene,Handwash,500.0,count,122.0,131.0,9.0,7.377049180327869
PAIR00435,S03455,S03456,Levi'S,Clothing,T-Shirt,1.0,size_m,1971.0,2213.0,242.0,12.278031456113647
PAIR00436,S02013,S02014,Neutrogena,Footwear,Formals,6.0,count,5099.0,5495.0,396.0,7.766228672288684
PAIR00437,S03533,S03092,Adidas,Clothing,Hoodie,,Unknown,1604.0,2339.52,735.52,45.85536159600998
PAIR00438,S02581,S02438,Dettol,Hygiene,Handwash,500.0,ml,133.0,107.41,-25.590000000000003,-19.2406015037594
PAIR00439,S03525,S02610,Vaseline,Personal Care,Lotion,400.0,g,468.0,243.0,-225.0,-48.07692307692308
PAIR00440,S02663,S02664,Adidas,Clothing,Hoodie,1.0,size_xl,2869.0,3181.0,312.0,10.874869292436388
PAIR00441,S02827,S02438,Dettol,Hygiene,Handwash,500.0,ml,415.0,107.41,-307.59000000000003,-74.11807228915663
PAIR00442,S02415,S03470,Gillette,Hygiene,Shaving Foam,150.0,count,164.0,489.0,325.0,198.17073170731706
PAIR00443,S00697,S01262,Uniqlo,Clothing,Hoodie,1.0,size_l,3584.0,2568.31,-1015.69,-28.339564732142858
PAIR00444,S03075,S02376,Dove,Personal Care,Conditioner,400.0,count,628.9,940.0,311.1,49.46732389887105
PAIR00445,S03205,S02518,Sensodyne,Health,Vitamins,60.0,count,1285.0,413.47,-871.53,-67.82334630350194
PAIR00446,S01195,S01196,Mamaearth,Personal Care,Face Wash,100000.0,ml,552.0,614.0,62.0,11.231884057971014
PAIR00447,S00335,S00336,Forest Essentials,Personal Care,Face Wash,50.0,count,176.0,221.0,45.0,25.568181818181817
PAIR00448,S03593,S03340,Puma,Clothing,Socks,5000.0,ml,272.25,242.0,-30.25,-11.11111111111111
PAIR00449,S01751,S00490,Neutrogena,Personal Care,Moisturizer,150.0,count,587.0,862.0,275.0,46.84838160136286
PAIR00450,S02657,S02746,Mamaearth,Personal Care,Body Wash,500000.0,ml,146.56,492.5,345.94,236.03984716157203
PAIR00451,S02249,S02130,Nike,Clothing,T-Shirt,,Unknown,1682.0,851.8,-830.2,-49.357907253269914
PAIR00452,S02059,S02888,Gillette,Hygiene,Shaving Foam,250.0,count,169.0,357.69,188.69,111.65088757396448
PAIR00453,S02041,S02442,Himalaya,Personal Care,Soap,100.0,ml,109.0,145.29,36.28999999999999,33.29357798165137
PAIR00454,S02309,S02376,Dove,Personal Care,Conditioner,400.0,count,520.0,940.0,420.0,80.76923076923077
PAIR00455,S02517,S02518,Sensodyne,Health,Vitamins,60.0,count,384.92,413.47,28.55000000000001,7.417125636495898
PAIR00456,S02539,S03338,Nike,Clothing,Hoodie,1.0,size_m,2769.78,1602.0,-1167.7800000000002,-42.16147130819054
PAIR00457,S02135,S03552,Nivea,Footwear,Sandals,9.0,ml,2010.0,1838.0,-172.0,-8.55721393034826
PAIR00458,S00769,S01408,Dove,Personal Care,Face Wash,100.0,count,464.0,152.0,-312.0,-67.24137931034483
PAIR00459,S00429,S00430,Garnier,Personal Care,Shampoo,350.0,g,417.34,456.38,39.04000000000002,9.354483155221168
PAIR00460,S00723,S01660,Colgate,Personal Care,Toothbrush,200.0,ml,126.01,489.0,362.99,288.0644393302119
PAIR00461,S02395,S02396,Puma,Health,Vitamins,60.0,count,674.0,779.0,105.0,15.578635014836795
PAIR00462,S03337,S02540,Nike,Clothing,Hoodie,,Unknown,1586.0,3032.0,1446.0,91.17276166456494
PAIR00463,S03233,S03234,Olay,Personal Care,Conditioner,100.0,count,621.01,724.0,102.99000000000001,16.584274005249515
PAIR00464,S02419,S02420,Forest Essentials,Footwear,Sandals,7.0,count,1295.0,1459.0,164.0,12.664092664092664
PAIR00465,S01431,S00520,Mamaearth,Personal Care,Conditioner,200.0,g,885.0,790.14,-94.86000000000001,-10.718644067796612
PAIR00466,S02727,S02362,Ponds,Personal Care,Moisturizer,50.0,count,1275.0,2102.61,827.6100000000001,64.91058823529413
PAIR00467,S03377,S03378,Levi'S,Clothing,Jeans,36.0,count,1925.0,2066.92,141.92000000000007,7.372467532467536
PAIR00468,S02891,S02892,Gillette,Hygiene,Shaving Foam,150.0,g,243.59,310.0,66.41,27.263023933659014
PAIR00469,S01835,S00536,Levi'S,Clothing,Jeans,30.0,count,2868.0,1153.23,-1714.77,-59.7897489539749
PAIR00470,S00517,S00490,Neutrogena,Personal Care,Moisturizer,150.0,count,1290.69,862.0,-428.69000000000005,-33.214017308571385
PAIR00471,S02713,S03082,Levi'S,Clothing,Jeans,36.0,pack,1476.0,1855.0,379.0,25.677506775067748
PAIR00472,S03541,S03578,Adidas,Health,Vitamins,60.0,g,1848.76,1159.0,-689.76,-37.30933166013977
PAIR00473,S02191,S02192,Uniqlo,Clothing,Socks,3.0,count,465.15,485.0,19.850000000000023,4.26744061055574
PAIR00474,S02053,S02054,Nivea,Hygiene,Shaving Foam,150.0,count,409.4,483.0,73.60000000000002,17.97752808988765
PAIR00475,S00725,S01412,Uniqlo,Clothing,T-Shirt,1.0,size_m,744.0,1654.27,910.27,122.34811827956989
PAIR00476,S03043,S03044,Reebok,Footwear,Sneakers,11.0,count,2808.22,2905.0,96.7800000000002,3.446311186445514
PAIR00477,S01605,S01492,Forest Essentials,Personal Care,Body Oil,650000.0,ml,795.0,705.0,-90.0,-11.320754716981133
PAIR00478,S01343,S00962,Uniqlo,Clothing,Hoodie,1.0,size_xl,1636.31,1814.91,178.60000000000014,10.914802207405696
PAIR00479,S02027,S02736,Colgate,Hygiene,Toothpaste,100.0,count,280.0,520.0,240.0,85.71428571428571
PAIR00480,S03089,S02888,Gillette,Hygiene,Shaving Foam,250.0,count,152.0,357.69,205.69,135.32236842105263
PAIR00481,S02473,S02926,Nivea,Hygiene,Shaving Foam,250.0,count,412.63,591.0,178.37,43.2275888810799
PAIR00482,S02643,S02094,Nivea,Hygiene,Shaving Foam,150.0,ml,284.0,244.26,-39.74000000000001,-13.992957746478876
PAIR00483,S03035,S03036,Sensodyne,Hygiene,Toothpaste,50.0,count,283.0,349.55,66.55000000000001,23.515901060070675
PAIR00484,S01031,S00218,L'Oréal,Personal Care,Moisturizer,100000.0,ml,656.0,956.0,300.0,45.73170731707317
PAIR00485,S02767,S02604,Garnier,Personal Care,Conditioner,100.0,count,795.0,169.35,-625.65,-78.69811320754717
PAIR00486,S03469,S02892,Gillette,Hygiene,Shaving Foam,150.0,g,413.0,310.0,-103.0,-24.93946731234867
PAIR00487,S02879,S02880,Forest Essentials,Footwear,Sandals,9.0,count,1719.02,1931.0,211.98000000000002,12.331444660329725
PAIR00488,S02287,S02288,Puma,Health,Pain Relief,20000.0,ml,482.42,521.0,38.579999999999984,7.997180879731351
PAIR00489,S00061,S01258,Vaseline,Personal Care,Lip Balm,100.0,count,743.82,695.0,-48.82000000000005,-6.5634158801860725
PAIR00490,S02833,S03076,Dove,Personal Care,Conditioner,400000.0,ml,681.0,681.0,0.0,0.0
PAIR00491,S02181,S02182,Himalaya,Hygiene,Toothpaste,50.0,count,360.18,394.38,34.19999999999999,9.49525237381309
PAIR00492,S00759,S00760,Dove,Personal Care,Soap,100.0,count,219.0,248.57,29.569999999999993,13.502283105022828
PAIR00493,S00249,S00250,Vaseline,Personal Care,Lip Balm,650.0,ml,214.0,267.0,53.0,24.766355140186917
PAIR00494,S02151,S02152,Levi'S,Health,Vitamins,100.0,count,359.0,374.0,15.0,4.178272980501393
PAIR00495,S02449,S02736,Colgate,Hygiene,Toothpaste,100.0,count,65.44,520.0,454.56,694.6210268948655
PAIR00496,S00763,S01784,Nike,Clothing,Hoodie,,Unknown,2143.0,2228.0,85.0,3.966402239850677
PAIR00497,S03283,S03284,Garnier,Personal Care,Conditioner,400.0,g,337.0,394.92,57.920000000000016,17.186943620178045
PAIR00498,S02931,S03178,Levi'S,Clothing,Jeans,32.0,pack,1087.45,3650.0,2562.55,235.647615982344
PAIR00499,S02221,S02926,Nivea,Hygiene,Shaving Foam,250.0,count,160.0,591.0,431.0,269.375
PAIR00500,S03073,S03592,Gillette,Hygiene,Shaving Foam,250.0,g,486.11,377.0,-109.11000000000001,-22.445537018370327
PAIR00501,S03423,S03424,Nike,Footwear,Sandals,9.0,g,1925.41,1920.0,-5.410000000000082,-0.28097911613630766
PAIR00502,S01857,S01004,Levi'S,Clothing,T-Shirt,1.0,size_s,1092.09,2352.52,1260.43,115.4144804915346
PAIR00503,S02617,S02618,Vaseline,Health,Vitamins,60.0,count,1804.0,1885.0,81.0,4.490022172949002
PAIR00504,S02939,S02940,Mamaearth,Personal Care,Conditioner,200.0,count,599.0,651.0,52.0,8.681135225375627
PAIR00505,S03281,S03524,Levi'S,Clothing,Jeans,34.0,count,1197.87,3773.0,2575.13,214.975748620468
PAIR00506,S02503,S02296,Reebok,Health,Pain Relief,30.0,g,73.08,260.3,187.22000000000003,256.1850027367269
PAIR00507,S03091,S02238,Adidas,Clothing,Hoodie,1.0,size_s,2039.0,3570.0,1531.0,75.08582638548307
PAIR00508,S03147,S03200,Gillette,Hygiene,Shaving Foam,250.0,ml,558.0,289.0,-269.0,-48.2078853046595
PAIR00509,S02445,S02320,Gillette,Hygiene,Shaving Foam,50.0,count,316.0,533.0,217.0,68.67088607594937
PAIR00510,S00497,S00486,Nike,Clothing,T-Shirt,1.0,size_s,885.0,1347.37,462.3699999999999,52.24519774011298
PAIR00511,S03357,S03358,Puma,Clothing,T-Shirt,,Unknown,2094.87,2278.0,183.1300000000001,8.741831235351126
PAIR00512,S02745,S02746,Mamaearth,Personal Care,Body Wash,500000.0,ml,435.0,492.5,57.5,13.218390804597702
PAIR00513,S00657,S00504,Reebok,Footwear,Sneakers,8.0,count,4141.18,6961.92,2820.74,68.11440217522541
PAIR00514,S02871,S03522,Dettol,Hygiene,Handwash,200.0,g,491.0,451.0,-40.0,-8.146639511201629
PAIR00515,S02519,S02520,Uniqlo,Health,Pain Relief,20.0,count,151.0,167.0,16.0,10.596026490066226
PAIR00516,S00785,S00528,Uniqlo,Clothing,T-Shirt,1.0,size_xl,1750.0,562.15,-1187.85,-67.87714285714284
PAIR00517,S00017,S01764,Garnier,Personal Care,Moisturizer,50.0,count,2357.0,1223.0,-1134.0,-48.1120067882902
PAIR00518,S00955,S01632,Uniqlo,Clothing,Socks,1.0,count,232.0,388.0,156.0,67.24137931034483
PAIR00519,S01219,S00204,Puma,Clothing,T-Shirt,1.0,size_xl,559.64,676.2,116.56000000000006,20.82767493388608
PAIR00520,S02849,S02850,Garnier,Health,Pain Relief,10000.0,ml,129.0,140.0,11.0,8.527131782945736
PAIR00521,S03003,S03592,Gillette,Hygiene,Shaving Foam,250.0,g,372.4,377.0,4.600000000000023,1.235230934479061
PAIR00522,S01497,S01498,Himalaya,Personal Care,Soap,100.0,g,158.0,184.88,26.879999999999995,17.0126582278481
PAIR00523,S03061,S03412,Dettol,Hygiene,Handwash,500.0,count,172.0,131.0,-41.0,-23.837209302325583
PAIR00524,S02605,S02606,Levi'S,Health,Vitamins,60.0,count,1209.94,1344.0,134.05999999999995,11.079888258921924
PAIR00525,S00961,S00962,Mamaearth,Personal Care,Body Wash,500.0,count,476.0,565.0,89.0,18.69747899159664
PAIR00526,S02455,S02456,Adidas,Health,Pain Relief,10.0,count,154.0,172.0,18.0,11.688311688311687
PAIR00527,S02089,S02094,Nivea,Hygiene,Shaving Foam,150.0,ml,433.93,244.26,-189.67000000000002,-43.70981494711128
PAIR00528,S02279,S02002,Dove,Personal Care,Body Wash,500.0,count,732.08,798.75,66.66999999999996,9.1069282045678
PAIR00529,S02063,S02050,Gillette,Footwear,Formals,9.0,ml,4955.0,6279.0,1324.0,26.720484359233097
PAIR00530,S02557,S03434,Dettol,Hygiene,Handwash,200000.0,ml,447.0,279.27,-167.73000000000002,-37.52348993288591
PAIR00531,S02613,S02614,Dettol,Health,Vitamins,30.0,ml,711.53,795.0,83.47000000000003,11.731058423397473
PAIR00532,S02825,S02826,Adidas,Clothing,T-Shirt,1.0,size_s,1245.52,1366.0,120.48000000000002,9.673068276703708
PAIR00533,S03381,S03382,Levi'S,Health,Vitamins,60.0,count,765.0,827.72,62.72000000000003,8.19869281045752
PAIR00534,S03175,S02346,Dettol,Hygiene,Handwash,500.0,count,350.04,264.28,-85.76000000000005,-24.50005713632729
